{
    "mse": 114689148151151.69,
    "rmse": 10709301.945092019,
    "mae": 7104430.568271867,
    "r2_train": 0.9980241928979947,
    "r2_test": -0.28311416159964553
}